k_nummer,bef_2007,bef_2009,bef_2013,bef_2017,bef_vekst_4,bef_vekst_8,bef_vekst_10
0101,27835,28389,29880,30790,0.030455153949129787,0.0845750114480961,0.10616130770612542
0104,28633,29588,30988,32407,0.045791919452691454,0.0952751115317021,0.13180595816016494
0105,50593,51723,53696,55127,0.02665002979737774,0.06581211453318647,0.08961714071116567
0106,71297,72760,76807,80121,0.04314710898746199,0.10116822429906547,0.1237639732387057
0111,3880,3998,4284,4517,0.05438842203548089,0.12981490745372692,0.16417525773195885
0118,1417,1420,1425,1398,-0.0189473684210526,-0.015492957746478853,-0.013408609738884913
0119,3517,3455,3587,3597,0.0027878449958183005,0.041099855282199727,0.022746659084446952
0121,659,671,691,685,-0.00868306801736618,0.02086438152011927,0.039453717754172946
0122,4994,5047,5273,5367,0.017826664138061776,0.06340400237765009,0.07468962755306374
0123,4948,5148,5474,5765,0.053160394592619564,0.11985236985236991,0.1651172190784156
0124,14329,14703,15315,15720,0.026444662095984395,0.0691695572332176,0.09707586014376446
0125,10357,10701,11195,11406,0.018847699866011647,0.06588169329969151,0.10128415564352622
0127,3413,3492,3668,3783,0.03135223555070876,0.08333333333333326,0.10840902431878119
0128,7428,7496,7860,8173,0.0398218829516539,0.09031483457844192,0.10029617662897139
0135,6654,6790,7053,7398,0.04891535516801371,0.08954344624447708,0.11181244364292153
0136,13839,14105,14967,15747,0.052114652234916736,0.11641261963842608,0.13787123347062646
0137,4152,4437,4857,5335,0.09841465925468396,0.2023890015776426,0.2849229287090558
0138,4578,4661,4980,5557,0.11586345381526097,0.19223342630336848,0.2138488422892093
0211,13414,14095,15605,17188,0.10144184556231983,0.21943951755941815,0.2813478455345162
0213,27247,27699,29307,30698,0.04746306343194462,0.108271056716849,0.1266561456307116
0214,14873,15863,17568,19288,0.09790528233151186,0.21591123999243522,0.2968466348416594
0215,13890,14435,15469,15743,0.01771284504492865,0.09061309317630761,0.13340532757379409
0216,16791,17129,17998,18869,0.048394266029558874,0.10158211220736768,0.12375677446250966
0217,23993,24612,25963,26988,0.03947925894542226,0.09653827401267678,0.124828074855166
0219,106932,109700,116677,124008,0.06283157777454007,0.13042844120328168,0.15969027045225004
0220,52210,53756,57418,60781,0.05857048312375901,0.13068308653917704,0.16416395326565802
0221,13587,14158,15260,16162,0.059108781127129806,0.14154541601921178,0.18951939353794067
0226,13807,14942,16363,17665,0.0795697610462629,0.18223798688261272,0.2794234808430507
0227,9799,10139,10810,11555,0.06891766882516182,0.13965874346582496,0.1792019593836105
0228,15062,15345,16420,17730,0.07978075517661387,0.15542521994134906,0.17713451068915154
0229,9660,10153,10560,10927,0.0347537878787878,0.07623362552940027,0.13115942028985517
0230,31365,32300,34320,37406,0.0899184149184149,0.15808049535603708,0.19260322014984865
0231,44577,46668,50532,53276,0.05430222433309595,0.1415959544013028,0.1951454786100455
0233,19968,20555,21971,23213,0.05652906103500066,0.12931160301629774,0.16251001602564097
0234,5353,5567,6264,6546,0.04501915708812265,0.17585773306987607,0.22286568279469465
0235,25966,28138,31743,35102,0.1058186056768422,0.24749449143507007,0.35184472001848577
0236,18219,18629,19819,21241,0.07174933144961915,0.1402114982017284,0.1658707942258082
0237,19334,20321,22142,24415,0.10265558666787111,0.20146646326460305,0.2628012827143891
0238,10536,10800,11505,12657,0.10013037809647973,0.17194444444444446,0.20130979498861046
0239,2594,2621,2685,2910,0.08379888268156432,0.11026325829835937,0.12181958365458745
0301,548617,575475,623966,666759,0.06858226249507182,0.15862374560145964,0.21534513148517087
0402,17236,17326,17638,17857,0.012416373738519004,0.03064758166916781,0.03602924112323036
0403,27909,28211,29353,30598,0.04241474465983042,0.08461238523979997,0.0963488480418504
0412,31974,32402,33406,33842,0.013051547626174997,0.04444170112955992,0.058422468255457494
0415,7292,7255,7479,7633,0.020590988100013474,0.05210199862164022,0.04676357652221608
0417,18642,18982,19407,20317,0.04689029731540173,0.07032978611315976,0.08985087436970285
0418,5055,5098,5190,5100,-0.017341040462427793,3.923107100822776e-4,0.008902077151335286
0419,7754,7795,7806,7866,0.00768639508070712,0.00910840282232206,0.014444157854010875
0420,6385,6394,6282,6127,-0.024673670805476,-0.04175789802940255,-0.040407204385278006
0423,5152,5080,4997,4777,-0.044026415849509726,-0.05964566929133863,-0.07278726708074534
0425,7604,7610,7600,7329,-0.03565789473684211,-0.03692509855453352,-0.036165176223040496
0426,3877,3869,3826,3743,-0.021693674856246736,-0.03256655466528824,-0.03456280629352593
0427,19260,19687,20343,21086,0.036523619918399364,0.07106212221262753,0.09480789200415374
0428,6782,6749,6689,6550,-0.020780385707878657,-0.029485849755519378,-0.03420819817163079
0429,4284,4280,4387,4518,0.029860952815135677,0.05560747663551391,0.054621848739495826
0430,2705,2689,2641,2530,-0.04202953426732303,-0.05912978802528823,-0.06469500924214422
0432,2055,2014,1910,1858,-0.027225130890052407,-0.07745779543197617,-0.09586374695863742
0434,1460,1436,1376,1274,-0.0741279069767442,-0.11281337047353757,-0.12739726027397258
0436,1707,1678,1681,1620,-0.03628792385484836,-0.03456495828367101,-0.05096660808435849
0437,5371,5400,5570,5584,0.0025134649910232287,0.034074074074074145,0.039657419474958155
0438,2430,2399,2449,2441,-0.0032666394446713154,0.017507294706127663,0.004526748971193317
0439,1695,1671,1654,1577,-0.04655380894800487,-0.05625374027528429,-0.06961651917404132
0441,2063,2046,2035,1963,-0.03538083538083536,-0.040566959921798595,-0.04847309743092587
0501,25537,26104,26850,27781,0.03467411545623844,0.06424302788844627,0.08787249872733671
0502,27931,28611,29407,30319,0.031013024109905807,0.05969731921289023,0.08549640184740959
0511,2812,2772,2727,2675,-0.019068573524019028,-0.03499278499278502,-0.04871977240398295
0512,2150,2170,2145,2048,-0.04522144522144522,-0.05622119815668203,-0.047441860465116226
0513,2329,2307,2279,2202,-0.03378674857393593,-0.04551365409622887,-0.05452984113353365
0514,2436,2406,2364,2360,-0.0016920473773265332,-0.019118869492934287,-0.031198686371100126
0515,3724,3707,3716,3640,-0.020452099031216364,-0.01807391421634741,-0.022556390977443663
0516,5790,5800,5827,5723,-0.01784794920199073,-0.013275862068965472,-0.011571675302245232
0517,6099,6015,5952,5916,-0.006048387096774244,-0.016458852867830442,-0.030004918839153905
0519,3199,3183,3193,3163,-0.00939555277168802,-0.006283380458686816,-0.011253516723976231
0520,4557,4537,4496,4502,0.0013345195729537185,-0.0077143486885606904,-0.012069343866578874
0521,4893,4917,5102,5082,-0.003920031360250875,0.033557046979865834,0.03862660944205998
0522,6114,6091,6141,6204,0.010258915486077269,0.018551961911016157,0.014720314033366044
0528,14389,14464,14766,14887,0.008194500880400968,0.029245022123893794,0.03460977135311705
0529,12610,12714,12999,13179,0.01384721901684749,0.03657385559226056,0.04512291831879467
0532,6238,6251,6444,6696,0.03910614525139655,0.07118860982242836,0.07342096825905742
0533,8522,8552,8880,9080,0.022522522522522515,0.06173994387277837,0.06547758742079335
0534,13110,13217,13550,13707,0.011586715867158759,0.03707346599076944,0.045537757437071
0536,5932,5797,5703,5717,0.002454848325442738,-0.013800241504226318,-0.036244099797707374
0538,6720,6680,6758,6773,0.0022195915951463974,0.01392215568862265,0.00788690476190479
0540,3194,3204,3147,3026,-0.03844931680966002,-0.05555555555555558,-0.05259862241703195
0541,1394,1380,1399,1351,-0.03431022158684771,-0.021014492753623215,-0.030846484935437624
0542,6388,6451,6396,6490,0.014696685428392753,0.006045574329561321,0.015967438948027546
0543,2212,2194,2219,2114,-0.04731861198738174,-0.03646308113035557,-0.044303797468354444
0544,3166,3181,3197,3248,0.015952455426962775,0.021062558943728327,0.02590018951358175
0545,1591,1583,1597,1596,-6.261740763932044e-4,0.008212255211623498,0.00314267756128217
0602,58730,61405,65473,68363,0.044140332656209536,0.11331324810683174,0.16402179465349898
0604,23644,24381,25887,27216,0.05133850967667164,0.11627906976744184,0.15107426831331416
0605,28385,28645,29400,30034,0.021564625850340136,0.048490137894920515,0.05809406376607362
0612,5436,5861,6463,6772,0.04781061426582078,0.1554342262412558,0.2457689477557028
0615,989,1011,1050,1081,0.029523809523809508,0.06923837784371911,0.09302325581395343
0616,3456,3461,3435,3357,-0.022707423580786035,-0.030049118751805826,-0.02864583333333337
0617,4435,4516,4667,4612,-0.011784872509106536,0.021257750221434835,0.03990980834272828
0618,1963,1995,2224,2442,0.0980215827338129,0.22406015037593985,0.24401426388181346
0619,4642,4640,4761,4719,-0.008821676118462518,0.017025862068965614,0.016587677725118377
0620,4475,4430,4448,4535,0.019559352517985573,0.023702031602708784,0.013407821229050265
0621,3496,3534,3538,3502,-0.010175240248728068,-0.009054895302773036,0.0017162471395881784
0622,2120,2114,2223,2257,0.015294646873594164,0.06764427625354785,0.06462264150943398
0623,12589,12872,13337,13786,0.033665741920971826,0.07100683654443762,0.09508300897609034
0624,15956,16350,17752,18562,0.04562866155926093,0.13529051987767593,0.16332414138881934
0625,21877,22332,23640,24718,0.04560067681895097,0.10684219953430052,0.12986241257942122
0626,22257,22873,24763,25740,0.03945402414893184,0.1253442923971495,0.15649009300444794
0627,17819,18749,20078,21931,0.09229006873194545,0.16971571817163578,0.2307649138559964
0628,8935,9e3,9321,9462,0.015127132281943956,0.05133333333333323,0.058981533296026845
0631,2523,2544,2657,2696,0.014678208505833679,0.05974842767295607,0.06856916369401511
0632,1402,1418,1355,1399,0.03247232472324724,-0.013399153737658653,-0.002139800285306692
0633,2526,2503,2531,2530,-3.951007506913795e-4,0.010787055533360013,0.0015835312747427555
0701,25011,25471,26595,27202,0.022823839067493967,0.06795964037532887,0.08760145535964181
0702,9726,9964,10350,10861,0.04937198067632842,0.09002408671216378,0.11669751182397703
0704,37493,38914,41239,44922,0.08930866412861604,0.15439173562214115,0.19814365348198337
0709,41364,42124,43132,44082,0.02202541036817207,0.04648181559206144,0.06570931244560496
0711,6466,6459,6570,6653,0.012633181126331827,0.030035609227434534,0.028920507268790585
0713,7827,8214,8835,9496,0.07481607243916244,0.15607499391283186,0.21323623355053023
0714,3099,3058,3060,3176,0.03790849673202623,0.038587311968606874,0.024846724749919336
0716,8321,8527,8994,9486,0.05470313542361582,0.1124662835698369,0.14000721067179422
0722,20305,20600,21100,21748,0.030710900473933656,0.05572815533980591,0.07106623984240334
0723,4493,4663,4865,4928,0.012949640287769792,0.05683036671670605,0.0968172713109281
0728,2420,2379,2435,2475,0.01642710472279263,0.04035308953341743,0.022727272727272707
0805,33977,34377,35392,36198,0.022773508137432286,0.05297146347848858,0.06536774877122764
0806,50696,51359,53015,54316,0.024540224464774107,0.05757510854962122,0.0714060280890012
0807,12221,12313,12497,12757,0.020804993198367594,0.036059449362462415,0.04385893134768026
0811,2362,2404,2426,2357,-0.028441879637262968,-0.01955074875207985,-0.0021168501270110163
0814,14061,14097,14129,14138,6.369877556797743e-4,0.0029084202312548157,0.005476139677121017
0815,10481,10620,10700,10586,-0.010654205607476652,-0.003201506591337111,0.010018128041217489
0817,4136,4138,4139,4148,0.0021744382701136544,0.0024166263895601947,0.0029013539651836506
0819,6576,6557,6625,6585,-0.006037735849056647,0.004270245539118589,0.0013686131386860811
0821,5333,5518,5791,6262,0.08133310309100339,0.1348314606741574,0.17419838739921234
0822,4277,4274,4369,4303,-0.015106431677729404,0.006785212915301875,0.006079027355623046
0826,6120,6010,5973,5894,-0.013226184496902715,-0.01930116472545762,-0.03692810457516338
0827,1619,1613,1609,1593,-0.009944064636420169,-0.012399256044637319,-0.016059295861643008
0828,2933,2925,2945,2979,0.011544991511035718,0.01846153846153853,0.01568360040913741
0829,2542,2546,2507,2442,-0.025927403270841642,-0.0408483896307934,-0.03933910306845001
0830,1375,1393,1430,1476,0.032167832167832255,0.05958363244795395,0.07345454545454544
0831,1363,1379,1350,1319,-0.022962962962962963,-0.043509789702683155,-0.03228173147468816
0833,2414,2363,2284,2228,-0.024518388791593737,-0.05713076597545497,-0.07705053852526922
0834,3684,3662,3721,3726,0.0013437248051599848,0.017476788640087282,0.01140065146579805
0901,6873,6889,6848,6936,0.012850467289719614,0.006822470605312825,0.009166302924487058
0904,19536,20111,21594,22692,0.05084745762711873,0.12833772562279355,0.16154791154791148
0906,40057,41241,43336,44576,0.028613623776998276,0.08086612836740148,0.11281423970841553
0911,2513,2496,2484,2511,0.010869565217391353,0.006009615384615419,-7.958615200954755e-4
0912,1864,1881,1986,2104,0.059415911379657516,0.11855396065922386,0.1287553648068669
0914,5822,5939,6064,6051,-0.0021437994722954823,0.01885839366896791,0.03933356234970797
0919,4759,4896,5425,5713,0.053087557603686664,0.1668709150326797,0.2004622819920152
0926,9109,9329,10032,10702,0.06678628389154695,0.14717547432736633,0.17488198485014816
0928,4411,4608,4936,5178,0.04902755267423009,0.12369791666666674,0.17388347313534336
0929,1815,1855,1815,1856,0.022589531680440755,5.390835579515141e-4,0.022589531680440755
0935,1191,1224,1283,1342,0.04598597038191743,0.09640522875817004,0.1267842149454239
0937,3315,3408,3556,3614,0.016310461192351022,0.06044600938967126,0.09019607843137245
0938,1272,1225,1207,1200,-0.0057995028997513964,-0.020408163265306145,-0.05660377358490565
0940,1320,1292,1277,1246,-0.024275646045418986,-0.035603715170278605,-0.05606060606060603
0941,902,965,929,952,0.02475780409041972,-0.013471502590673534,0.055432372505543226
1001,77840,80109,84476,89268,0.05672617074672104,0.11433172302737526,0.14681397738951696
1002,14200,14543,15237,15600,0.023823587320338735,0.072681014921268,0.09859154929577474
1003,9386,9427,9441,9769,0.034742082406524766,0.036278773735016534,0.04080545493287868
1004,8860,8975,9060,9090,0.0033112582781456013,0.012813370473537589,0.025959367945823875
1014,12555,12886,13756,14425,0.04863332364059314,0.11943194164209214,0.1489446435682995
1017,5664,5804,6285,6568,0.04502784407319016,0.13163335630599593,0.15960451977401124
1018,9743,10417,10960,11321,0.03293795620437967,0.086781223000864,0.1619624345684081
1021,2147,2223,2292,2309,0.0074171029668412825,0.03868645973909124,0.07545412203074053
1026,893,914,912,937,0.027412280701754277,0.02516411378555805,0.04927211646136609
1027,1595,1630,1728,1765,0.02141203703703698,0.08282208588957052,0.10658307210031337
1029,4520,4620,4796,4950,0.032110091743119185,0.0714285714285714,0.09513274336283195
1032,7368,7636,8011,8588,0.07202596429908881,0.12467260345730757,0.16558089033659074
1034,1599,1620,1669,1702,0.019772318753744855,0.050617283950617376,0.06441525953721072
1037,5595,5690,5899,5988,0.015087302932700553,0.052372583479789014,0.07024128686327069
1046,1737,1739,1831,1836,0.002730748225013624,0.055779183438757984,0.05699481865284972
1101,13594,13969,14636,14899,0.017969390543864483,0.06657598969145972,0.09599823451522727
1102,60507,63431,70046,75497,0.07782028952402698,0.19022244643786168,0.24773993091708402
1103,117315,121610,129191,132729,0.027385808608958895,0.09143162568867691,0.13138984784554397
1106,32303,33665,35753,37166,0.03952115906357512,0.10399524728946985,0.15054329319258275
1111,3266,3246,3286,3316,0.00912964090079127,0.02156500308071463,0.015309246785058184
1112,3120,3111,3173,3259,0.027103687362117768,0.047573127611700405,0.044551282051282115
1114,2507,2580,2779,2826,0.01691255847427131,0.09534883720930232,0.12724371759074593
1119,15072,15949,17635,18800,0.06606180890275026,0.1787572888582356,0.24734607218683657
1120,15271,16350,18227,19042,0.04471388599330672,0.16464831804281355,0.24693864187021153
1121,15048,15836,17437,18656,0.06990881458966558,0.17807527153321545,0.23976608187134496
1122,9621,9969,11039,11902,0.07817737113869017,0.19390109338950756,0.23708554204344656
1124,20666,22076,24579,26016,0.05846454290247771,0.17847436129733651,0.25887931868769964
1127,9501,9867,10397,10873,0.045782437241511875,0.10195601499949336,0.14440585201557732
1129,1103,1134,1227,1245,0.014669926650366705,0.0978835978835979,0.12873980054397105
1130,10654,11045,11882,12662,0.06564551422319465,0.1464010864644636,0.18847381265252494
1133,2707,2701,2799,2708,-0.032511611289746334,0.0025916327286190644,3.6941263391199186e-4
1134,3874,3833,3872,3853,-0.004907024793388448,0.005217845030002666,-0.0054207537429014074
1135,4732,4730,4745,4760,0.0031612223393044925,0.00634249471458781,0.00591715976331364
1141,2672,2790,3015,3235,0.07296849087893853,0.15949820788530467,0.21070359281437123
1142,3526,3888,4619,4892,0.05910370210002158,0.2582304526748971,0.3874078275666477
1144,527,542,528,534,0.011363636363636465,-0.014760147601476037,0.013282732447817747
1145,793,811,865,855,-0.011560693641618491,0.054254007398273796,0.0781841109709962
1146,9513,9712,10487,11041,0.05282731000286067,0.13684102141680388,0.1606223063176706
1149,38349,39354,41118,42229,0.027019796682717923,0.07305483559485704,0.10117604109624767
1151,214,214,209,201,-0.038277511961722466,-0.06074766355140182,-0.06074766355140182
1160,8111,8161,8615,8828,0.02472431804991304,0.08173018012498479,0.08839847121193434
1201,244620,252051,267950,278556,0.03958201156932262,0.10515728959615323,0.138729457934756
1211,3858,3854,4040,4135,0.023514851485148425,0.07291126102750378,0.07179885951270082
1216,4764,4906,5400,5656,0.04740740740740734,0.15287403179779857,0.18723761544920237
1219,10892,11085,11638,11806,0.014435470012029494,0.06504285069914295,0.08391479985310313
1221,16850,17289,18161,18821,0.036341611144760755,0.08861125571172423,0.11697329376854593
1222,2897,2908,2980,3189,0.07013422818791937,0.09662998624484187,0.10079392474974114
1223,2753,2792,2736,2847,0.040570175438596534,0.019699140401146176,0.0341445695604794
1224,13032,13112,13305,13241,-0.004810221721157415,0.009838316046369755,0.01603744628606507
1227,1056,1022,1046,1108,0.05927342256214141,0.08414872798434447,0.04924242424242431
1228,7154,7054,6988,7025,0.005294791070406424,-0.004111142614119601,-0.01803187028235953
1231,3416,3351,3403,3377,-0.007640317367029081,0.0077588779468815705,-0.011416861826697877
1232,915,945,952,921,-0.03256302521008403,-0.025396825396825418,0.006557377049180246
1233,1137,1095,1113,1131,0.016172506738544534,0.03287671232876721,-0.00527704485488123
1234,977,950,904,933,0.03207964601769908,-0.017894736842105297,-0.045035823950870024
1235,13786,13868,14061,14514,0.03221676978877741,0.04658205941736382,0.05280719570578851
1238,8230,8338,8584,8423,-0.018755824790307574,0.010194291196929717,0.02345078979343862
1241,3749,3791,3818,3895,0.020167627029858526,0.027433394882616646,0.038943718324886634
1242,2353,2379,2434,2488,0.022185702547247388,0.045817570407734376,0.057373565660858494
1243,15595,16437,18142,20152,0.11079263587256083,0.22601447952789444,0.29220904135941006
1244,4389,4417,4838,5156,0.06572964034725093,0.16730812768847625,0.17475506949191155
1245,5670,5899,6514,7058,0.08351243475591041,0.19647397864044747,0.24479717813051138
1246,20791,21507,23277,25204,0.08278558233449318,0.17189752173710882,0.21225530277523919
1247,23018,24432,26831,28821,0.0741679400693227,0.17964145383104135,0.2521070466591364
1251,4094,4110,4132,4123,-0.0021781219748305825,0.003163017031630133,0.007083536883243813
1252,356,351,383,383,0,0.09116809116809121,0.07584269662921339
1253,7186,7352,7674,8026,0.045869168621318845,0.09167573449401534,0.1168939604787087
1256,6016,6478,7347,8021,0.09173812440451878,0.2381907996295154,0.33327792553191493
1259,4134,4223,4563,4913,0.07670392285776906,0.1633909542978924,0.1884373488147073
1260,4658,4825,5003,5128,0.02498500899460332,0.06279792746113988,0.10090167453842858
1263,13594,14036,14820,15731,0.06147098515519578,0.12076090054146471,0.15720170663528021
1264,2520,2576,2833,2884,0.01800211789622308,0.11956521739130443,0.14444444444444438
1265,620,596,569,587,0.03163444639718804,-0.015100671140939603,-0.0532258064516129
1266,1631,1652,1696,1710,0.008254716981132004,0.03510895883777243,0.048436541998773786
1401,11341,11448,11697,11999,0.025818585962212426,0.0481306778476589,0.058019574993386724
1411,2406,2283,2305,2371,0.028633405639913123,0.03854577310556295,-0.014546965918536992
1412,871,876,842,794,-0.05700712589073631,-0.09360730593607303,-0.08840413318025253
1413,1492,1474,1428,1438,0.007002801120448154,-0.024423337856173677,-0.036193029490616646
1416,4420,4327,4222,4190,-0.007579346281383237,-0.03166165934827825,-0.05203619909502266
1417,2835,2780,2731,2722,-0.003295496155254485,-0.02086330935251801,-0.03985890652557322
1418,1399,1348,1337,1288,-0.03664921465968585,-0.04451038575667654,-0.07934238741958544
1419,2199,2156,2255,2332,0.034146341463414664,0.08163265306122458,0.06048203728967705
1420,6822,6968,7477,7941,0.06205697472248217,0.139638346727899,0.16402814423922596
1421,1715,1687,1714,1787,0.0425904317386232,0.05927682276229995,0.041982507288629733
1422,2153,2199,2176,2159,-0.0078125,-0.01819008640291042,0.0027868091035763154
1424,5491,5600,5521,5363,-0.028618003984785312,-0.04232142857142862,-0.023310872336550714
1426,4884,4879,5041,5151,0.0218210672485617,0.05574912891986061,0.054668304668304746
1428,3143,3031,3018,3065,0.01557322730284949,0.011217419993401423,-0.024817053770283204
1429,2870,2838,2871,2862,-0.0031347962382445305,0.008456659619450413,-0.0027874564459929863
1430,2719,2757,2923,2966,0.014710913445090679,0.07580703663402244,0.09084222140492826
1431,2928,2950,3078,3049,-0.009421702404158516,0.03355932203389833,0.04132513661202175
1432,11465,11838,12559,13009,0.035830878254638154,0.09891873627301906,0.1346707370257305
1433,2658,2655,2713,2848,0.04976041282712873,0.07269303201506583,0.07148231753197898
1438,3930,3899,3945,3847,-0.024841571609632407,-0.013336753013593272,-0.02111959287531806
1439,6064,5989,6119,6031,-0.01438143487497956,0.007012856904324627,-0.005441952506596293
1441,2911,2874,2789,2791,7.171029042667421e-4,-0.02887961029923447,-0.041222947440742064
1443,5848,5861,5920,6064,0.024324324324324298,0.034635727691520124,0.0369357045143639
1444,1201,1223,1238,1198,-0.03231017770597733,-0.02044153720359776,-0.0024979184013321776
1445,5723,5673,5676,5783,0.018851303735024638,0.019390093424995536,0.010484011881880084
1449,6706,6844,7105,7218,0.015904292751583338,0.054646405610753845,0.07634953772740838
1502,24254,24554,25936,26822,0.034161011721159706,0.09236784230675243,0.10587944256617465
1504,41385,42317,45033,47199,0.048098061421624205,0.11536734645650681,0.14048568321855748
1511,3536,3494,3336,3203,-0.039868105515587504,-0.08328563251287924,-0.09417420814479638
1514,2526,2541,2628,2540,-0.0334855403348554,-3.9354584809125903e-4,0.005542359461599311
1515,8321,8349,8847,8957,0.012433593308466051,0.07282309258593833,0.07643312101910826
1516,6841,7052,7927,8457,0.06686009839788065,0.1992342597844583,0.23622277444818018
1517,4675,4817,5057,5185,0.025311449475973857,0.07639609715590612,0.10909090909090913
1519,8317,8509,8827,9102,0.031154412597711456,0.06969091550123396,0.09438499458939531
1520,10162,10200,10456,10744,0.02754399387911244,0.05333333333333323,0.05727219051367838
1523,2088,2142,2267,2296,0.012792236435818172,0.07189542483660127,0.09961685823754785
1524,1817,1769,1739,1663,-0.04370327774583094,-0.059920859242509894,-0.08475509080902588
1525,4500,4533,4610,4623,0.002819956616052055,0.01985440105890146,0.02733333333333343
1526,984,1001,1052,1005,-0.04467680608365021,0.003996003996004083,0.021341463414634054
1528,7467,7565,7673,7695,0.0028671966636257817,0.017184401850627973,0.03053435114503822
1529,3668,3901,4282,4667,0.08991125642223263,0.19635990771597034,0.27235550708833145
1531,7538,7778,8397,9007,0.07264499225914012,0.15800977114939574,0.19487927832316254
1532,6647,6873,7541,8176,0.08420633868187233,0.1895824239778845,0.23002858432375506
1534,8606,8694,9020,9312,0.03237250554323734,0.07108350586611456,0.08203578898442943
1535,6402,6478,6626,6577,-0.007395110172049524,0.015282494597097962,0.027335207747578805
1539,7325,7376,7421,7503,0.011049723756906049,0.01721800433839471,0.024300341296928263
1543,3088,3076,2995,2963,-0.010684474123539234,-0.03673602080624183,-0.040479274611398997
1545,1910,1922,2010,2085,0.03731343283582089,0.08480749219562966,0.09162303664921456
1546,1276,1307,1291,1246,-0.03485670023237797,-0.04667176740627388,-0.023510971786833812
1547,3142,3183,3339,3547,0.06229410002994906,0.1143575243480992,0.1288987905792489
1548,9131,9257,9614,9741,0.013209902225920445,0.052284757480825395,0.06680538823787097
1551,3365,3316,3476,3454,-0.006329113924050667,0.04161640530759958,0.026448736998514022
1554,5367,5444,5651,5856,0.03627676517430545,0.07567964731814847,0.09111235326998313
1557,2647,2618,2557,2611,0.021118498240125128,-0.002673796791443861,-0.013600302228938377
1560,3084,3062,3116,3109,-0.00224646983311938,0.015349444807315482,0.008106355382619945
1563,7333,7347,7205,7126,-0.010964607911172819,-0.030080304886348164,-0.02822855584344741
1566,6049,6e3,5927,5986,0.009954445756706676,-0.0023333333333332984,-0.010414944618945321
1567,2061,2041,2061,2026,-0.016982047549733092,-0.007349338559529683,-0.016982047549733092
1571,1671,1647,1606,1599,-0.004358655043586568,-0.02914389799635697,-0.04308797127468578
1573,2165,2119,2180,2160,-0.00917431192660545,0.01934874941009901,-0.002309468822170868
1576,3515,3508,3570,3590,0.0056022408963585235,0.023375142531356863,0.021337126600284417
1601,161730,168257,179692,190464,0.059947020457226774,0.13198262182256904,0.1776664811723243
1612,4247,4225,4228,4259,0.007332071901608339,0.00804733727810647,0.0028255238992229703
1613,1021,988,985,982,-0.003045685279187804,-0.006072874493927127,-0.038197845249755114
1617,4028,4145,4477,4659,0.04065222247040423,0.1240048250904704,0.1566534260178749
1620,4052,4215,4506,4937,0.0956502441189524,0.1712930011862397,0.2184106614017769
1621,5091,5033,5155,5291,0.02638215324927251,0.05126167295847406,0.03928501276762919
1622,1775,1732,1712,1711,-5.841121495326895e-4,-0.012124711316397252,-0.03605633802816899
1624,6366,6389,6652,6628,-0.0036079374624172766,0.03740804507747697,0.04115614200439843
1627,4561,4540,4665,4822,0.03365487674169354,0.06211453744493389,0.05722429291821962
1630,3258,3237,3237,3263,0.008032128514056325,0.008032128514056325,0.0015346838551257846
1632,1030,1010,996,959,-0.03714859437751006,-0.05049504950495054,-0.06893203883495147
1633,1051,1028,1010,978,-0.03168316831683171,-0.048638132295719894,-0.06945765937202664
1634,6531,6629,6794,6973,0.02634677656755957,0.05189319656056712,0.0676772316643699
1635,2635,2621,2534,2556,0.008681925808997626,-0.02479969477298738,-0.029981024667931733
1636,3900,3899,3967,3960,-0.001764557600201666,0.01564503718902288,0.01538461538461533
1638,10812,11160,11519,11891,0.03229447000607699,0.06550179211469542,0.09979652238253789
1640,5671,5563,5589,5623,0.0060833780640543456,0.010785547366528814,-0.008464115676247608
1644,2076,2064,2030,2046,0.007881773399014858,-0.008720930232558155,-0.014450867052023142
1648,5889,5950,6266,6319,0.008458346632620461,0.062016806722689166,0.07301749023603321
1653,14304,14655,15679,16213,0.03405829453409015,0.10631183896281127,0.13345917225950776
1657,6211,6437,7143,8e3,0.1199776004479911,0.24281497592045986,0.2880373530832394
1662,5474,5634,5939,6050,0.01869001515406632,0.07383741569045088,0.10522469857508221
1663,12322,12457,13085,13820,0.05617118838364532,0.10941639238982104,0.1215711735107936
1664,3942,4004,4030,4098,0.016873449131513674,0.023476523476523514,0.03957382039573831
1665,859,857,865,861,-0.0046242774566473965,0.004667444574095736,0.002328288707799775
1702,20624,20868,21392,21972,0.02711293941660431,0.05290396779758488,0.06536074476338238
1703,12573,12723,12988,13051,0.004850631352017354,0.025780083313683866,0.03801797502584914
1711,2507,2476,2510,2508,-7.968127490040056e-4,0.01292407108239102,3.988831272436766e-4
1714,20273,20960,22379,23625,0.055677197372536735,0.12714694656488557,0.165343067133626
1717,2461,2487,2627,2630,0.0011419870574800317,0.05749899477281861,0.0686712718407152
1718,3484,3517,3531,3480,-0.014443500424808797,-0.010520329826556707,-0.0011481056257175437
1719,18173,18464,19078,19892,0.042666946220777824,0.07733968804159441,0.09459087657513887
1721,13962,14157,14539,14849,0.021321961620469176,0.048880412516776106,0.06352958028935674
1724,2623,2924,2834,2515,-0.11256175017642911,-0.1398768809849521,-0.04117422798322534
1725,1741,1720,1699,1593,-0.06238964096527366,-0.07383720930232562,-0.0850086157380816
1736,2197,2176,2154,2159,0.002321262766945109,-0.0078125,-0.017296313154301357
1738,1485,1461,1401,1389,-0.008565310492505307,-0.04928131416837778,-0.06464646464646462
1739,526,499,503,469,-0.06759443339960236,-0.06012024048096187,-0.10836501901140683
1740,933,924,902,872,-0.03325942350332589,-0.05627705627705626,-0.06538049303322613
1742,2387,2350,2465,2467,8.113590263691961e-4,0.04978723404255314,0.03351487222454974
1743,1266,1274,1263,1264,7.917656373712667e-4,-0.00784929356357933,-0.0015797788309637184
1744,3505,3562,3688,3840,0.04121475054229928,0.07804604154969108,0.09557774607703284
1748,712,680,669,628,-0.06128550074738415,-0.07647058823529407,-0.1179775280898876
1749,1168,1134,1158,1090,-0.05872193436960271,-0.03880070546737213,-0.06678082191780821
1750,4019,4100,4300,4418,0.02744186046511632,0.07756097560975617,0.09927842746951976
1751,5073,4988,5097,5138,0.0080439474200511,0.030072173215717646,0.012812931204415623
1755,583,582,574,584,0.017421602787456525,0.0034364261168384758,0.0017152658662091813
1804,45575,46495,49203,51022,0.036969290490417306,0.09736530809764488,0.11951727921009336
1805,18301,18348,18509,18756,0.013344859257658381,0.022236756049705653,0.024862029397300756
1811,1692,1616,1545,1473,-0.04660194174757282,-0.08849009900990101,-0.12943262411347523
1812,2047,2054,2033,2047,0.006886374815543439,-0.003407984420642607,0
1813,7548,7597,7859,7956,0.012342537218475558,0.04725549559036457,0.054054054054053946
1815,1299,1288,1238,1234,-0.003231017770597755,-0.04192546583850931,-0.05003849114703618
1816,504,501,500,528,0.05600000000000005,0.05389221556886237,0.04761904761904767
1818,1682,1652,1759,1788,0.01648664013644119,0.08232445520581111,0.06302021403091551
1820,7225,7208,7361,7428,0.00910202418149697,0.030521642619311784,0.02809688581314873
1822,2123,2088,2144,2278,0.0625,0.09099616858237547,0.0730098916627413
1824,13571,13342,13252,13465,0.016073045578026024,0.009219007645030697,-0.007810772971778013
1825,1540,1500,1459,1469,0.006854009595613331,-0.020666666666666722,-0.04610389610389609
1826,1482,1438,1471,1414,-0.03874915023793335,-0.016689847009735748,-0.045883940620782715
1827,1489,1432,1431,1410,-0.014675052410901501,-0.015363128491620137,-0.05305574210879782
1828,1776,1786,1875,1837,-0.020266666666666655,0.028555431131018993,0.03434684684684686
1832,4510,4527,4620,4524,-0.020779220779220786,-6.62690523525522e-4,0.0031042128603104846
1833,25190,25281,25752,26101,0.013552345448897274,0.03243542581385239,0.03616514489876943
1834,1970,1883,1916,1920,0.0020876826722338038,0.01964949548592676,-0.025380710659898442
1835,446,455,506,465,-0.0810276679841897,0.0219780219780219,0.04260089686098656
1836,1343,1292,1310,1267,-0.032824427480916074,-0.01934984520123839,-0.056589724497393856
1837,6663,6641,6582,6435,-0.022333637192342715,-0.031019424785423855,-0.03421882035119317
1838,2081,2053,2006,2024,0.008973080757726848,-0.014125669751583025,-0.027390677558865928
1839,1148,1137,1075,1043,-0.029767441860465094,-0.08267370272647323,-0.09146341463414631
1840,4688,4727,4745,4702,-0.009062170706006345,-0.005288766659614974,0.002986348122866911
1841,9465,9477,9513,9729,0.022705771050141932,0.026590693257359854,0.027892234548335892
1845,2084,2021,1981,1958,-0.011610297829379057,-0.03117268678871843,-0.06046065259117084
1848,2680,2665,2552,2543,-0.003526645768025083,-0.04577861163227015,-0.05111940298507467
1849,1771,1754,1791,1810,0.010608598548297099,0.03192702394526803,0.02202145680406553
1850,2052,2046,1978,1960,-0.009100101112234582,-0.04203323558162264,-0.04483430799220278
1851,2257,2242,2220,2134,-0.03873873873873879,-0.04817127564674395,-0.05449712007089058
1852,1352,1333,1278,1252,-0.020344287949921713,-0.06076519129782443,-0.07396449704142016
1853,1361,1345,1376,1402,0.018895348837209225,0.0423791821561339,0.030124908155767738
1854,2684,2623,2599,2554,-0.01731435167372064,-0.026305756767060595,-0.04843517138599107
1856,591,606,565,535,-0.053097345132743334,-0.11716171617161719,-0.09475465313028764
1857,748,738,754,744,-0.01326259946949604,0.008130081300812941,-0.005347593582887722
1859,1458,1419,1376,1349,-0.019622093023255793,-0.04933051444679348,-0.07475994513031547
1860,10745,10706,10870,11294,0.03900643974241036,0.05492247337941336,0.051093531875290754
1865,8992,8976,9207,9444,0.025741283805799986,0.05213903743315518,0.050266903914590655
1866,7907,7950,8050,8009,-0.005093167701863299,0.007421383647798763,0.012899962058935177
1867,2899,2838,2654,2624,-0.01130369253956287,-0.07540521494009866,-0.09486029665401863
1868,4486,4418,4472,4580,0.02415026833631484,0.036668175645088175,0.020954079358002753
1870,9703,9732,10082,10378,0.029359254116246847,0.06637895602137278,0.06956611357312181
1871,5152,5034,5024,4908,-0.023089171974522316,-0.02502979737783073,-0.04736024844720499
1874,1156,1116,1118,1073,-0.0402504472271914,-0.03853046594982079,-0.07179930795847755
1902,64492,66513,70358,74541,0.05945308280508255,0.12069820937260389,0.15581777584816714
1911,3048,3032,3082,2986,-0.031148604802076596,-0.01517150395778366,-0.020341207349081403
1913,2883,2841,2940,3048,0.03673469387755102,0.07286166842661035,0.05723204994797082
1917,1574,1440,1421,1394,-0.01900070372976781,-0.03194444444444444,-0.11435832274459978
1919,1226,1151,1119,1121,0.0017873100983021306,-0.026064291920069538,-0.08564437194127239
1920,1011,1023,1012,1076,0.06324110671936767,0.05180840664711628,0.06429277942631062
1922,3920,3981,3933,3994,0.015509788965166527,0.0032655111780959256,0.018877551020408223
1923,2232,2203,2220,2220,0,0.0077167498865184925,-0.005376344086021501
1924,6590,6490,6630,6781,0.02277526395173446,0.044838212634822794,0.02898330804248861
1925,3315,3360,3407,3496,0.026122688582330467,0.040476190476190554,0.05460030165912522
1926,1265,1216,1190,1138,-0.043697478991596594,-0.06414473684210531,-0.10039525691699602
1927,1570,1537,1514,1540,0.017173051519154603,0.0019518542615484247,-0.019108280254777066
1928,978,916,880,921,0.04659090909090913,0.005458515283842891,-0.05828220858895705
1929,962,942,924,914,-0.010822510822510845,-0.02972399150743099,-0.0498960498960499
1931,11027,11207,11455,11697,0.021126145787865536,0.04372267332916935,0.0607599528430216
1933,5569,5497,5562,5685,0.022114347357065745,0.03420047298526474,0.02082959238642479
1936,2344,2383,2317,2273,-0.018990073370737992,-0.046160302140159426,-0.030290102389078477
1938,3199,3166,3013,2876,-0.04546963159641548,-0.09159823120656985,-0.10096905282900903
1939,1911,1869,1942,1890,-0.026776519052523207,0.011235955056179803,-0.01098901098901095
1940,2220,2236,2208,2132,-0.034420289855072506,-0.046511627906976716,-0.03963963963963968
1941,2966,2897,2905,2912,0.002409638554216942,0.005177770107007262,-0.018206338503034436
1942,4699,4694,4850,4919,0.014226804123711245,0.04793353216872598,0.04681847201532241
1943,1351,1330,1245,1233,-0.009638554216867434,-0.07293233082706763,-0.08734270910436714
2002,2286,2144,2128,2104,-0.011278195488721776,-0.018656716417910446,-0.07961504811898512
2003,6124,6076,6163,6154,-0.0014603277624533062,0.01283739302172493,0.004898758981058071
2004,9391,9493,10072,10527,0.04517474185861792,0.10892236384704512,0.1209668831860291
2011,2965,2971,2923,2938,0.0051317139924735855,-0.011107371255469567,-0.009106239460371035
2012,18090,18488,19646,20446,0.040720757406087715,0.10590653396797922,0.13023770038695415
2014,1150,1087,1070,968,-0.09532710280373835,-0.10947562097516095,-0.15826086956521734
2015,1005,970,1023,1037,0.013685239491691092,0.06907216494845358,0.03184079601990053
2017,1092,1044,1036,1027,-0.008687258687258725,-0.016283524904214586,-0.059523809523809534
2018,1319,1309,1240,1204,-0.029032258064516148,-0.0802139037433155,-0.08718726307808944
2019,3274,3180,3205,3291,0.026833073322932943,0.03490566037735854,0.005192425167990233
2020,4141,4e3,3968,3971,7.560483870967527e-4,-0.007249999999999979,-0.04105288577638255
2021,2873,2786,2721,2696,-0.009187798603454644,-0.03230437903804739,-0.06160807518273581
2022,1357,1332,1339,1330,-0.006721433905899965,-0.0015015015015015232,-0.01989683124539421
2023,1046,1025,1063,1137,0.0696142991533395,0.10926829268292693,0.08699808795411079
2024,1086,1061,1025,991,-0.0331707317073171,-0.06597549481621112,-0.08747697974217317
2025,2979,2951,2900,2911,0.0037931034482758808,-0.013554727211114836,-0.02282645182947296
2027,884,878,882,951,0.07823129251700678,0.08314350797266523,0.07579185520361986
2028,2113,2074,2162,2267,0.04856614246068447,0.09305689488910329,0.07288215806909615
2030,9490,9623,9968,10199,0.0231741573033708,0.05985659357788631,0.0747102212855637
"Kommunenummer med U er utgÂtt. Kommunenummeret er fortsatt i bruk, ",NA,NA,NA,NA,NA,NA,NA
men har fÂtt nytt navn. ,NA,NA,NA,NA,NA,NA,NA
(https://www.ssb.no/informasjon/kommunekatalog/kommunekatalogen ,NA,NA,NA,NA,NA,NA,NA
target=footnote) Historiske kommuner. ,NA,NA,NA,NA,NA,NA,NA
 ,NA,NA,NA,NA,NA,NA,NA
(http://www.ssb.no/befolkning/artikler-og-publikasjoner/dokumentasjon-,NA,NA,NA,NA,NA,NA,NA
-av-kommunetabeller-over-folkemengdens-bevegelse-1906-1968 ,NA,NA,NA,NA,NA,NA,NA
target=footnote) Dokumentasjon av kommunetabeller over folkemengdens ,NA,NA,NA,NA,NA,NA,NA
bevegelse 1906-1968 .,NA,NA,NA,NA,NA,NA,NA
"1. januar 1992 ble kommunene 0102 Sarpsborg, 0114 Varteig, 0115 ",NA,NA,NA,NA,NA,NA,NA
Skjeberg og 0130 Tune slÂtt sammen til ny kommune 0105 Sarpsborg ,NA,NA,NA,NA,NA,NA,NA
kommune.,NA,NA,NA,NA,NA,NA,NA
"1. januar 1994 ble kommunene 0103 Fredrikstad, 0113 Borge, 0131 ",NA,NA,NA,NA,NA,NA,NA
"Rolvs¯y, 0133 KrÂker¯y og 0134 Ons¯y slÂtt sammen til ny kommune 0106 ",NA,NA,NA,NA,NA,NA,NA
Fredrikstad.,NA,NA,NA,NA,NA,NA,NA
"1. januar 1992 ble kommunene 0102 Sarpsborg, 0114 Varteig, 0115 ",NA,NA,NA,NA,NA,NA,NA
Skjeberg og 0130 Tune slÂtt sammen til ny kommune 0105 Sarpsborg ,NA,NA,NA,NA,NA,NA,NA
kommune.,NA,NA,NA,NA,NA,NA,NA
"1. januar 1994 ble kommunene 0103 Fredrikstad, 0113 Borge, 0131 ",NA,NA,NA,NA,NA,NA,NA
"Rolvs¯y, 0133 KrÂker¯y og 0134 Ons¯y slÂtt sammen til ny kommune 0106 ",NA,NA,NA,NA,NA,NA,NA
Fredrikstad.,NA,NA,NA,NA,NA,NA,NA
"1. januar 1994 ble kommunene 0103 Fredrikstad, 0113 Borge, 0131 ",NA,NA,NA,NA,NA,NA,NA
"Rolvs¯y, 0133 KrÂker¯y og 0134 Ons¯y slÂtt sammen til ny kommune 0106 ",NA,NA,NA,NA,NA,NA,NA
Fredrikstad.,NA,NA,NA,NA,NA,NA,NA
"1. januar 1992 ble kommunene 0102 Sarpsborg, 0114 Varteig, 0115 ",NA,NA,NA,NA,NA,NA,NA
Skjeberg og 0130 Tune slÂtt sammen til ny kommune 0105 Sarpsborg ,NA,NA,NA,NA,NA,NA,NA
kommune.,NA,NA,NA,NA,NA,NA,NA
"1. januar 1992 ble kommunene 0102 Sarpsborg, 0114 Varteig, 0115 ",NA,NA,NA,NA,NA,NA,NA
Skjeberg og 0130 Tune slÂtt sammen til ny kommune 0105 Sarpsborg ,NA,NA,NA,NA,NA,NA,NA
kommune.,NA,NA,NA,NA,NA,NA,NA
"1. januar 1992 ble kommunene 0102 Sarpsborg, 0114 Varteig, 0115 ",NA,NA,NA,NA,NA,NA,NA
Skjeberg og 0130 Tune slÂtt sammen til ny kommune 0105 Sarpsborg ,NA,NA,NA,NA,NA,NA,NA
kommune.,NA,NA,NA,NA,NA,NA,NA
"1. januar 1994 ble kommunene 0103 Fredrikstad, 0113 Borge, 0131 ",NA,NA,NA,NA,NA,NA,NA
"Rolvs¯y, 0133 KrÂker¯y og 0134 Ons¯y slÂtt sammen til ny kommune 0106 ",NA,NA,NA,NA,NA,NA,NA
Fredrikstad.,NA,NA,NA,NA,NA,NA,NA
"1. januar 1994 ble kommunene 0103 Fredrikstad, 0113 Borge, 0131 ",NA,NA,NA,NA,NA,NA,NA
"Rolvs¯y, 0133 KrÂker¯y og 0134 Ons¯y slÂtt sammen til ny kommune 0106 ",NA,NA,NA,NA,NA,NA,NA
Fredrikstad.,NA,NA,NA,NA,NA,NA,NA
Endret navn fra Opdal 22.1.1932.,NA,NA,NA,NA,NA,NA,NA
"Fra 1. januar 2017 ble kommunene 0706 Sandefjord, 0719 Andebu og det ",NA,NA,NA,NA,NA,NA,NA
meste av 0720 Stokke slÂtt sammen til en ny kommune 0710 Sandefjord. ,NA,NA,NA,NA,NA,NA,NA
"Samtidig ble et areal pÂ 3 km2, med ca. 2 200 personer overf¯rt fra ",NA,NA,NA,NA,NA,NA,NA
Stokke til 0704 T¯nsberg.,NA,NA,NA,NA,NA,NA,NA
Endret navn fra Fredriksvern i 1930.,NA,NA,NA,NA,NA,NA,NA
"Fra 1. januar 2017 ble kommunene 0706 Sandefjord, 0719 Andebu og det ",NA,NA,NA,NA,NA,NA,NA
meste av 0720 Stokke slÂtt sammen til en ny kommune 0710 Sandefjord. ,NA,NA,NA,NA,NA,NA,NA
"Samtidig ble et areal pÂ 3 km2, med ca. 2 200 personer overf¯rt fra ",NA,NA,NA,NA,NA,NA,NA
Stokke til 0704 T¯nsberg.,NA,NA,NA,NA,NA,NA,NA
"Fra 1. januar 2017 ble kommunene 0706 Sandefjord, 0719 Andebu og det ",NA,NA,NA,NA,NA,NA,NA
meste av 0720 Stokke slÂtt sammen til en ny kommune 0710 Sandefjord. ,NA,NA,NA,NA,NA,NA,NA
"Samtidig ble et areal pÂ 3 km2, med ca. 2 200 personer overf¯rt fra ",NA,NA,NA,NA,NA,NA,NA
Stokke til 0704 T¯nsberg.,NA,NA,NA,NA,NA,NA,NA
"Fra 1. januar 2017 ble kommunene 0706 Sandefjord, 0719 Andebu og det ",NA,NA,NA,NA,NA,NA,NA
meste av 0720 Stokke slÂtt sammen til en ny kommune 0710 Sandefjord. ,NA,NA,NA,NA,NA,NA,NA
"Samtidig ble et areal pÂ 3 km2, med ca. 2 200 personer overf¯rt fra ",NA,NA,NA,NA,NA,NA,NA
Stokke til 0704 T¯nsberg.,NA,NA,NA,NA,NA,NA,NA
Endret navn fra Slemdal i 1919.,NA,NA,NA,NA,NA,NA,NA
Endret navn fra Holme i 1911.,NA,NA,NA,NA,NA,NA,NA
Endret navn fra Liknes i 1917.,NA,NA,NA,NA,NA,NA,NA
Endret navn fra Vanse i 1911.,NA,NA,NA,NA,NA,NA,NA
 ,NA,NA,NA,NA,NA,NA,NA
1. januar 2017 ble kommunegrensa mellom 1102 Sandnes og 1124 Sola ,NA,NA,NA,NA,NA,NA,NA
endret.,NA,NA,NA,NA,NA,NA,NA
 ,NA,NA,NA,NA,NA,NA,NA
1. januar 2017 ble kommunegrensa mellom 1102 Sandnes og 1124 Sola ,NA,NA,NA,NA,NA,NA,NA
endret.,NA,NA,NA,NA,NA,NA,NA
1. januar 2006 ble kommunene 1154 Vindafjord og 1159 ÿlen slÂtt ,NA,NA,NA,NA,NA,NA,NA
sammen til en ny kommune 1160 Vindafjord.,NA,NA,NA,NA,NA,NA,NA
1. januar 2006 ble kommunene 1154 Vindafjord og 1159 ÿlen slÂtt ,NA,NA,NA,NA,NA,NA,NA
sammen til en ny kommune 1160 Vindafjord. ,NA,NA,NA,NA,NA,NA,NA
Kommunen 1214 ÿlen ble den 1.januar 2002 overf¯rt til Rogaland fylke ,NA,NA,NA,NA,NA,NA,NA
med kommunenummer 1159.,NA,NA,NA,NA,NA,NA,NA
1. januar 2006 ble kommunene 1154 Vindafjord og 1159 ÿlen slÂtt ,NA,NA,NA,NA,NA,NA,NA
sammen til en ny kommune 1160 Vindafjord.,NA,NA,NA,NA,NA,NA,NA
Kommunen 1214 ÿlen ble den 1.januar 2002 overf¯rt til Rogaland fylke ,NA,NA,NA,NA,NA,NA,NA
med kommunenummer 1159.,NA,NA,NA,NA,NA,NA,NA
Endret navn fra Herl¯ i 1917.,NA,NA,NA,NA,NA,NA,NA
Endret navn fra B¯ 13.3.1925.,NA,NA,NA,NA,NA,NA,NA
1. januar 2008 ble kommunene 1503 Kristiansund og 1556 Frei slÂtt ,NA,NA,NA,NA,NA,NA,NA
sammen til ny kommune 1505 Kristiansund.,NA,NA,NA,NA,NA,NA,NA
1. januar 2008 ble kommunene 1503 Kristiansund og 1556 Frei slÂtt ,NA,NA,NA,NA,NA,NA,NA
sammen til ny kommune 1505 Kristiansund.,NA,NA,NA,NA,NA,NA,NA
Ved grenseregulering 1. januar 2002 ble ca. 380 personer overf¯rt fra ,NA,NA,NA,NA,NA,NA,NA
1514 Sande kommune til 1511 Vanylven kommune.,NA,NA,NA,NA,NA,NA,NA
Ved grenseregulering 1. januar 2002 ble ca. 380 personer overf¯rt fra ,NA,NA,NA,NA,NA,NA,NA
1514 Sande kommune til 1511 Vanylven kommune.,NA,NA,NA,NA,NA,NA,NA
Endret navn fra Sylte 28.4.1922.,NA,NA,NA,NA,NA,NA,NA
1. januar 2008 ble kommunene 1503 Kristiansund og 1556 Frei slÂtt ,NA,NA,NA,NA,NA,NA,NA
sammen til ny kommune 1505 Kristiansund.,NA,NA,NA,NA,NA,NA,NA
1. januar 2006 ble kommunene 1569 Aure og 1572 Tustna slÂtt sammen ,NA,NA,NA,NA,NA,NA,NA
til ny kommune 1576 Aure.,NA,NA,NA,NA,NA,NA,NA
1. januar 2006 ble kommunene 1569 Aure og 1572 Tustna slÂtt sammen ,NA,NA,NA,NA,NA,NA,NA
til ny kommune 1576 Aure.,NA,NA,NA,NA,NA,NA,NA
1. januar 2006 ble kommunene 1569 Aure og 1572 Tustna slÂtt sammen ,NA,NA,NA,NA,NA,NA,NA
til ny kommune 1576 Aure.,NA,NA,NA,NA,NA,NA,NA
Endret navn fra Skj¯rn i 1917.,NA,NA,NA,NA,NA,NA,NA
1. januar 2012 ble kommunene 1723 Mosvik og 1729 Indr¯y slÂtt sammen ,NA,NA,NA,NA,NA,NA,NA
til en ny kommune 1756 Inder¯y.,NA,NA,NA,NA,NA,NA,NA
1. januar 2012 ble kommunene 1723 Mosvik og 1729 Indr¯y slÂtt sammen ,NA,NA,NA,NA,NA,NA,NA
til en ny kommune 1756 Inder¯y.,NA,NA,NA,NA,NA,NA,NA
1. januar 2012 ble kommunene 1723 Mosvik og 1729 Indr¯y slÂtt sammen ,NA,NA,NA,NA,NA,NA,NA
til en ny kommune 1756 Inder¯y.,NA,NA,NA,NA,NA,NA,NA
1. januar 2005 ble kommunene 1804 Bod¯ og 1842 Skjerstad slÂtt sammen ,NA,NA,NA,NA,NA,NA,NA
til en kommune 1804 Bod¯.,NA,NA,NA,NA,NA,NA,NA
Endret navn fra Stamnes i 1948.,NA,NA,NA,NA,NA,NA,NA
1. januar 2005 ble kommunene 1804 Bod¯ og 1842 Skjerstad slÂtt sammen ,NA,NA,NA,NA,NA,NA,NA
til en kommune 1804 Bod¯.,NA,NA,NA,NA,NA,NA,NA
1. januar 2013 ble kommunene 1901 Harstad og 1915 Bjark¯y slÂtt ,NA,NA,NA,NA,NA,NA,NA
sammen til en ny kommune 1903 Harstad.,NA,NA,NA,NA,NA,NA,NA
1. januar 2013 ble kommunene 1901 Harstad og 1915 Bjark¯y slÂtt ,NA,NA,NA,NA,NA,NA,NA
sammen til en ny kommune 1903 Harstad.,NA,NA,NA,NA,NA,NA,NA
1. januar 2013 ble kommunene 1901 Harstad og 1915 Bjark¯y slÂtt ,NA,NA,NA,NA,NA,NA,NA
sammen til en ny kommune 1903 Harstad.,NA,NA,NA,NA,NA,NA,NA
0710,57279,58761,61573,62019,0.0072434346223182455,0.05544493796906114,0.08275284135547056
1903,23784,23629,24291,24845,0.02280680087275133,0.05146218629650012,0.04460982172889327
1756,6794,6682,6692,6800,0.016138673042438656,0.01765938341813822,8.831321754489974e-4
1756,22522,22937,24131,24442,0.012887986407525531,0.06561450930810486,0.08524997779948484
